Company Name,Contact Name,Contact Phone Number
NovaSphere Solutions,John Smith,+1 (555) 123-4567
QuantumCraft Technologies,Sarah Johnson,+1 (555) 234-5678
StellarEdge Innovations,Michael Brown,+1 (555) 345-6789
FusionAxis Enterprises,Emily Davis,+1 (555) 456-7890
ZenithWave Solutions,David Wilson,+1 (555) 567-8901
ElectraForge Ventures,Lisa Martinez,+1 (555) 678-9012
NexusLeap Industries,Chris Taylor,+1 (555) 789-0123
Synthetix Systems,Michelle Anderson,+1 (555) 890-1234
AlphaPeak Enterprises,Ryan Thompson,+1 (555) 901-2345
InfinityWorks Inc.,Jessica Garcia,+1 (555) 012-3456
PulseForge Technologies,Matthew Hernandez,+1 (555) 123-4567
ApexGrid Solutions,Amanda Wright,+1 (555) 234-5678
NebulaShift Ventures,Daniel Lopez,+1 (555) 345-6789
LuminaTech Innovations,Rebecca Gonzalez,+1 (555) 456-7890
TitanForge Enterprises,Steven Lee,+1 (555) 567-8901
QuantumSpark Solutions,Kelly Perez,+1 (555) 678-9012
NovaGenius Industries,Jason Lewis,+1 (555) 789-0123
SpectraSphere Ventures,Stephanie Hall,+1 (555) 890-1234
TerraTech Innovations,Nicholas Young,+1 (555) 901-2345
VelocityByte Solutions,Elizabeth King,+1 (555) 012-3456
HyperNova Technologies,Andrew Wright,+1 (555) 123-4567
RadiantForge Enterprises,Katie Moore,+1 (555) 234-5678
MatrixEdge Solutions,James Rodriguez,+1 (555) 345-6789
QuantumPulse Ventures,Olivia Walker,+1 (555) 456-7890
PhotonWorks Innovations,Brandon Hill,+1 (555) 567-8901
AetherWave Technologies,Ashley Scott,+1 (555) 678-9012
NexusSphere Solutions,Jonathan Perez,+1 (555) 789-0123
SynergyCraft Enterprises,Samantha Martinez,+1 (555) 890-1234
FutureWave Innovations,Justin Garcia,+1 (555) 901-2345
QuantumVertex Enterprises,Emily Thompson,+1 (555) 012-3456
AstralAxis Technologies,Joshua Davis,+1 (555) 123-4567
FusionGrid Solutions,Christina Hernandez,+1 (555) 234-5678
NovaFusion Industries,Michael Smith,+1 (555) 345-6789
OmniPulse Ventures,Lauren Wilson,+1 (555) 456-7890
NebulaForge Technologies,Brian Johnson,+1 (555) 567-8901
QuantumQuasar Solutions,Alexis Brown,+1 (555) 678-9012
ElectraSphere Innovations,Nathan Anderson,+1 (555) 789-0123
SynapseCraft Enterprises,Megan Taylor,+1 (555) 890-1234
GenesisGrid Technologies,Christopher Lee,+1 (555) 901-2345
QuantumLeap Ventures,Amanda Lopez,+1 (555) 012-3456
